City_ID,City,Lat,Lng,Max Temp,Humidity,Cloudiness,Wind Speed,Country,Date
0,Butaritari,3.0707,172.7902,79.84,82,100,13.4,KI,2022-07-16 04:05:54
1,Mataura,-46.1927,168.8643,48.47,77,70,5.61,NZ,2022-07-16 04:05:06
2,Jamkhandi,16.5167,75.3,78.22,74,100,18.1,IN,2022-07-16 04:01:27
3,Punta Arenas,-53.15,-70.9167,24.91,86,40,13.8,CL,2022-07-16 04:05:09
4,Faanui,-16.4833,-151.75,77.31,69,35,24.96,PF,2022-07-16 04:05:54
5,Kruisfontein,-34.0033,24.7314,53.58,66,100,7.2,ZA,2022-07-16 04:05:54
6,Haines Junction,60.7522,-137.5108,60.93,60,94,4.99,CA,2022-07-16 04:05:55
7,Faxinal,-24.0003,-51.3194,66.42,48,100,6.15,BR,2022-07-16 04:01:18
8,Hofn,64.2539,-15.2082,50.14,90,100,7.34,IS,2022-07-16 04:04:08
9,Ploemeur,47.7333,-3.4333,65.82,57,0,12.66,FR,2022-07-16 04:05:56
10,Leningradskiy,69.3833,178.4167,43.09,69,100,5.61,RU,2022-07-16 04:05:56
11,Huaraz,-9.5333,-77.5333,50.5,65,34,0.2,PE,2022-07-16 04:05:54
12,Taksimo,56.3444,114.8794,71.98,65,100,3.24,RU,2022-07-16 04:05:57
13,Sheridan,44.8333,-106.9173,71.98,53,0,8.05,US,2022-07-16 04:05:57
14,Barrow,71.2906,-156.7887,37.42,81,100,9.22,US,2022-07-16 04:05:57
15,Souillac,-20.5167,57.5167,70.86,72,87,15.68,MU,2022-07-16 04:05:59
16,Green River,41.5286,-109.4662,70.2,55,100,7.7,US,2022-07-16 04:05:59
17,Jamestown,42.097,-79.2353,65.84,67,0,1.01,US,2022-07-16 04:05:17
18,Atuona,-9.8,-139.0333,77.38,74,9,12.77,PF,2022-07-16 04:05:59
19,Kapaa,22.0752,-159.319,82.38,75,40,13.8,US,2022-07-16 04:05:11
20,Kirakira,-10.4544,161.9205,83.73,72,76,12.5,SB,2022-07-16 04:06:00
21,Yumen,40.2833,97.2,76.42,32,100,1.79,CN,2022-07-16 04:06:00
22,Fortuna,40.5982,-124.1573,60.66,90,100,1.99,US,2022-07-16 04:06:01
23,Qaanaaq,77.484,-69.3632,50.97,59,73,8.01,GL,2022-07-16 04:05:11
24,Erie,42.7667,-78.6664,67.42,72,100,1.01,US,2022-07-16 04:06:02
25,Mahebourg,-20.4081,57.7,73.26,72,89,16.31,MU,2022-07-16 04:06:02
26,Hobart,-42.8794,147.3294,56.23,73,75,13.8,AU,2022-07-16 04:06:02
27,Vaini,-21.2,-175.2,78.96,94,20,4.61,TO,2022-07-16 04:06:02
28,Ambulu,-8.345,113.6058,83.14,71,26,7.72,ID,2022-07-16 04:06:03
29,Kavaratti,10.5669,72.642,81.37,80,91,15.66,IN,2022-07-16 04:06:03
30,Busselton,-33.65,115.3333,59.2,70,100,5.44,AU,2022-07-16 04:05:08
31,Carnarvon,-24.8667,113.6333,73.71,43,12,6.93,AU,2022-07-16 04:06:04
32,Gat,31.61,34.7642,74.08,75,0,1.23,IL,2022-07-16 04:06:04
33,Indiana,40.0003,-86.2503,71.19,93,100,7.0,US,2022-07-16 04:06:04
34,Cape Town,-33.9258,18.4232,61.12,67,21,4.16,ZA,2022-07-16 04:05:23
35,Bethel,41.3712,-73.414,71.37,82,38,2.13,US,2022-07-16 04:00:50
36,Marietta,33.9526,-84.5499,80.29,77,20,8.05,US,2022-07-16 04:02:17
37,Buchanan,5.8808,-10.0467,74.52,90,100,6.2,LR,2022-07-16 04:06:05
38,Kloulklubed,7.0419,134.2556,79.3,86,100,6.73,PW,2022-07-16 04:06:06
39,Port Elizabeth,-33.918,25.5701,56.57,69,93,7.54,ZA,2022-07-16 04:05:01
40,Maltahohe,-24.8333,16.9833,46.78,39,0,5.64,NA,2022-07-16 04:06:07
41,Katherine,-14.4667,132.2667,79.12,25,9,11.5,AU,2022-07-16 04:06:07
42,Zyryanka,65.75,150.85,83.28,42,62,3.15,RU,2022-07-16 04:06:07
43,Patacamaya,-17.2333,-67.9167,38.7,24,13,1.34,BO,2022-07-16 04:06:08
44,Cayenne,4.9333,-52.3333,75.09,1,100,0.0,GF,2022-07-16 04:04:08
45,Albany,42.6001,-73.9662,65.79,76,82,2.42,US,2022-07-16 04:00:16
46,Castro,-24.7911,-50.0119,63.21,57,100,7.36,BR,2022-07-16 04:05:06
47,Anchorage,61.2181,-149.9003,62.65,78,100,20.71,US,2022-07-16 04:06:47
48,Saldanha,-33.0117,17.9442,58.28,61,4,6.6,ZA,2022-07-16 04:07:09
49,Arraial Do Cabo,-22.9661,-42.0278,70.74,85,68,26.46,BR,2022-07-16 04:02:37
50,Save,8.0425,2.486,71.58,96,100,5.48,BJ,2022-07-16 04:07:09
51,Puerto Ayora,-0.7393,-90.3518,68.56,94,99,8.01,EC,2022-07-16 04:07:10
52,Kieta,-6.2167,155.6333,83.77,72,85,7.16,PG,2022-07-16 04:07:10
53,Saskylakh,71.9167,114.0833,62.2,45,59,1.72,RU,2022-07-16 04:07:10
54,Nikolskoye,59.7035,30.7861,57.09,81,52,7.61,RU,2022-07-16 04:07:11
55,Bosaso,11.2842,49.1816,88.83,49,94,25.01,SO,2022-07-16 04:07:11
56,Zholymbet,51.7433,71.7122,80.8,46,28,8.32,KZ,2022-07-16 04:07:11
57,Norrtalje,59.758,18.705,55.02,68,98,8.37,SE,2022-07-16 04:07:12
58,Zamora,-4.0692,-78.9567,68.0,99,67,0.78,EC,2022-07-16 04:07:12
59,Georgetown,5.4112,100.3354,87.73,74,20,6.91,MY,2022-07-16 04:07:12
60,Caravelas,-17.7125,-39.2481,69.35,81,72,4.72,BR,2022-07-16 04:07:14
61,Carutapera,-1.195,-46.02,73.22,94,21,4.54,BR,2022-07-16 04:07:14
62,Asau,46.4333,26.4,61.72,85,50,2.59,RO,2022-07-16 04:07:14
63,Palmer,42.1584,-72.3287,69.17,82,0,0.0,US,2022-07-16 04:07:15
64,Bucerias,20.75,-105.3333,80.98,94,75,0.0,MX,2022-07-16 04:06:40
65,Sinop,41.7711,34.8709,61.23,86,5,3.24,TR,2022-07-16 04:07:15
66,Sao Filipe,14.8961,-24.4956,73.99,85,80,5.32,CV,2022-07-16 04:07:16
67,Bilibino,68.0546,166.4372,67.51,42,67,16.44,RU,2022-07-16 04:05:11
68,Iqaluit,63.7506,-68.5145,58.69,62,35,15.01,CA,2022-07-16 04:02:47
69,Geraldton,-28.7667,114.6,68.41,73,3,6.91,AU,2022-07-16 04:07:16
70,Pevek,69.7008,170.3133,39.27,67,76,4.45,RU,2022-07-16 04:07:16
71,Iralaya,15.0,-83.2333,78.58,87,26,7.76,HN,2022-07-16 04:07:17
72,Chuy,-33.6971,-53.4616,56.71,98,97,8.46,UY,2022-07-16 04:07:17
73,Bluff,-46.6,168.3333,48.79,72,85,23.58,NZ,2022-07-16 04:07:17
74,Talnakh,69.4865,88.3972,69.21,39,2,1.28,RU,2022-07-16 04:07:18
75,Hailar,49.2,119.7,77.05,58,96,10.25,CN,2022-07-16 04:07:18
76,Ushuaia,-54.8,-68.3,35.26,55,20,14.97,AR,2022-07-16 04:03:11
77,Maroua,10.591,14.3159,75.78,84,100,2.33,CM,2022-07-16 04:07:18
78,Tabou,4.423,-7.3528,73.99,89,100,8.52,CI,2022-07-16 04:07:19
79,Lagoa,39.05,-27.9833,68.68,93,1,10.76,PT,2022-07-16 04:07:19
80,Mangaldai,26.4333,92.0333,90.57,68,69,9.04,IN,2022-07-16 04:07:20
81,Poum,-20.2333,164.0167,73.04,55,0,17.56,NC,2022-07-16 04:07:20
82,Port Lincoln,-34.7333,135.8667,61.05,73,10,25.97,AU,2022-07-16 04:07:20
83,Thompson,55.7435,-97.8558,70.57,45,99,5.77,CA,2022-07-16 04:03:25
84,Rikitea,-23.1203,-134.9692,68.43,83,100,11.21,PF,2022-07-16 04:05:14
85,Simbahan,6.3032,120.5836,82.06,73,25,6.44,PH,2022-07-16 04:07:21
86,Nemuro,43.3236,145.575,62.31,80,97,11.61,JP,2022-07-16 04:07:21
87,Hilo,19.7297,-155.09,86.29,93,100,3.44,US,2022-07-16 04:05:09
88,Saint-Philippe,-21.3585,55.7679,69.39,88,61,12.19,RE,2022-07-16 04:05:13
89,Phonhong,18.5007,102.4166,85.78,76,57,1.81,LA,2022-07-16 04:08:21
90,Ilulissat,69.2167,-51.1,37.42,100,100,2.3,GL,2022-07-16 04:08:22
91,Yellowknife,62.456,-114.3525,61.74,57,64,7.29,CA,2022-07-16 04:05:43
92,Tulum,20.2167,-87.4667,78.04,86,99,5.44,MX,2022-07-16 04:08:22
93,Lakatoro,-16.0999,167.4164,78.58,78,53,19.62,VU,2022-07-16 04:08:23
94,Nouadhibou,20.931,-17.0347,68.0,90,2,20.38,MR,2022-07-16 04:08:24
95,Kavieng,-2.5744,150.7967,83.97,69,68,8.03,PG,2022-07-16 04:05:15
96,Shu,43.5983,73.7614,89.15,16,0,5.48,KZ,2022-07-16 04:08:25
97,Manicore,-5.8092,-61.3003,77.32,76,71,3.06,BR,2022-07-16 04:08:25
98,Santa Isabel Do Rio Negro,-0.4139,-65.0192,72.73,98,95,2.73,BR,2022-07-16 04:08:25
99,North Bend,43.4065,-124.2243,63.25,91,0,5.75,US,2022-07-16 04:08:26
100,Bandarbeyla,9.4942,50.8122,81.59,62,92,28.43,SO,2022-07-16 04:08:26
101,Medea,36.2642,2.7539,72.23,27,0,4.18,DZ,2022-07-16 04:08:26
102,Lufilufi,-13.8745,-171.5986,76.78,79,39,26.96,WS,2022-07-16 04:08:26
103,Cockburn Town,21.4612,-71.1419,81.46,85,91,22.41,TC,2022-07-16 04:08:27
104,Ancud,-41.8697,-73.8203,39.22,80,1,2.95,CL,2022-07-16 04:08:27
105,Bredasdorp,-34.5322,20.0403,50.22,87,79,4.7,ZA,2022-07-16 04:08:28
106,Dikson,73.5069,80.5464,42.4,85,43,10.16,RU,2022-07-16 04:08:29
107,Road Town,18.4167,-64.6167,82.49,80,14,21.25,VG,2022-07-16 04:08:29
108,Kuala Perlis,6.4,100.1333,85.26,68,50,8.88,MY,2022-07-16 04:08:29
109,Port Alfred,-33.5906,26.891,58.35,71,96,8.68,ZA,2022-07-16 04:08:30
110,Berbera,10.4396,45.0143,88.9,47,98,31.7,SO,2022-07-16 04:05:15
111,Ashington,50.9331,-0.3909,60.19,80,63,7.11,GB,2022-07-16 04:08:30
112,Bundaberg,-24.85,152.35,72.21,61,26,3.0,AU,2022-07-16 04:06:45
113,Lata,40.1629,-8.3327,63.61,82,68,1.59,PT,2022-07-16 04:08:30
114,Torbay,47.6666,-52.7314,62.89,82,30,4.0,CA,2022-07-16 04:08:31
115,Hami,42.8,93.45,91.31,7,100,12.35,CN,2022-07-16 04:08:31
116,Sweetwater,25.7634,-80.3731,83.01,78,75,13.8,US,2022-07-16 04:08:31
117,Jijiga,9.35,42.8,61.07,93,100,18.1,ET,2022-07-16 04:08:32
118,Ruswil,47.0843,8.1265,60.28,82,0,1.14,CH,2022-07-16 04:08:33
119,Airai,-8.9266,125.4092,70.18,50,98,3.33,TL,2022-07-16 04:08:33
120,New Norfolk,-42.7826,147.0587,55.89,59,100,8.72,AU,2022-07-16 04:05:05
121,Cherskiy,68.75,161.3,71.19,43,99,21.0,RU,2022-07-16 04:08:34
122,Aklavik,68.2191,-135.0107,59.74,43,89,9.75,CA,2022-07-16 04:08:34
123,Quatre Cocos,-20.2078,57.7625,73.09,74,89,15.88,MU,2022-07-16 04:08:34
124,Nkhotakota,-12.9274,34.2961,67.64,65,53,16.42,MW,2022-07-16 04:08:35
125,Kota Bahru,6.1333,102.2386,89.67,51,56,1.99,MY,2022-07-16 04:05:53
126,Paamiut,61.994,-49.6678,39.69,85,100,2.28,GL,2022-07-16 04:08:35
127,Mandera,3.9366,41.867,73.8,73,71,13.98,KE,2022-07-16 04:08:35
128,Narayanganj,23.6233,90.5011,89.62,56,16,12.44,BD,2022-07-16 04:08:36
129,Itamarandiba,-17.8572,-42.8589,53.82,88,11,2.37,BR,2022-07-16 04:08:36
130,Itarema,-2.9248,-39.9167,77.18,80,38,12.33,BR,2022-07-16 04:05:22
131,Kumluca,36.3703,30.2869,81.39,45,0,2.71,TR,2022-07-16 04:08:36
132,Porto Seguro,-16.4497,-39.0647,66.72,100,75,5.75,BR,2022-07-16 04:08:37
133,Nome,64.5011,-165.4064,66.27,40,0,9.22,US,2022-07-16 04:09:37
134,Beringovskiy,63.05,179.3167,48.47,66,72,7.67,RU,2022-07-16 04:09:38
135,Clyde River,70.4692,-68.5914,48.72,52,92,6.93,CA,2022-07-16 04:09:38
136,Vrangel,42.7297,133.0839,66.9,92,99,17.65,RU,2022-07-16 04:09:38
137,Barabinsk,55.3571,78.357,66.85,64,0,2.42,RU,2022-07-16 04:09:39
138,Linxia,35.6003,103.2064,62.33,83,100,0.6,CN,2022-07-16 04:09:39
139,Hithadhoo,-0.6,73.0833,83.21,76,46,12.93,MV,2022-07-16 04:09:39
140,Kudahuvadhoo,2.6708,72.8944,83.34,73,15,9.48,MV,2022-07-16 04:09:40
141,Baiyin,36.5583,104.2081,71.06,47,93,12.46,CN,2022-07-16 04:09:40
142,Southbridge,42.0751,-72.0334,67.35,89,2,4.18,US,2022-07-16 04:09:40
143,Upernavik,72.7868,-56.1549,45.84,67,11,1.86,GL,2022-07-16 04:09:40
144,Cabo San Lucas,22.8909,-109.9124,83.5,62,0,10.04,MX,2022-07-16 04:05:14
145,Bilma,18.6853,12.9164,82.02,52,54,0.69,NE,2022-07-16 04:09:41
146,Jonkoping,57.7814,14.1562,51.51,93,75,5.75,SE,2022-07-16 04:09:41
147,Bambous Virieux,-20.3428,57.7575,73.22,73,92,15.99,MU,2022-07-16 04:09:41
148,Samarai,-10.6167,150.6667,79.21,70,95,13.8,PG,2022-07-16 04:05:14
149,Klaksvik,62.2266,-6.589,50.92,83,99,11.45,FO,2022-07-16 04:09:42
150,Fort Frances,48.5999,-93.4003,69.06,64,0,2.98,CA,2022-07-16 04:09:42
151,Marsa Matruh,31.3525,27.2453,75.85,78,0,11.34,EG,2022-07-16 04:09:43
152,Mega,4.05,38.3,54.36,88,99,15.79,ET,2022-07-16 04:09:43
153,Ust-Kuyga,70.0167,135.6,59.47,52,81,9.89,RU,2022-07-16 04:09:43
154,Mochishche,55.1586,83.1229,70.2,54,33,1.54,RU,2022-07-16 04:09:44
155,Katsuura,35.1333,140.3,75.22,95,100,13.42,JP,2022-07-16 04:09:14
156,Aleksandrov Gay,50.147,48.5704,73.6,51,6,1.32,RU,2022-07-16 04:09:46
157,San Cristobal,7.7669,-72.225,69.98,98,38,2.28,VE,2022-07-16 04:09:47
158,Komsomolskiy,40.4272,71.7189,90.32,20,0,4.61,UZ,2022-07-16 04:09:47
159,Kapit,2.0167,112.9333,93.04,48,78,0.87,MY,2022-07-16 04:09:47
160,Suihua,46.6406,126.9969,78.33,58,97,13.4,CN,2022-07-16 04:09:48
161,Nanortalik,60.1432,-45.2371,40.19,92,100,8.7,GL,2022-07-16 04:09:48
162,Murakami,38.2333,139.4833,81.55,78,100,3.27,JP,2022-07-16 04:09:48
163,Lingyuan,41.24,119.4011,83.46,52,98,8.63,CN,2022-07-16 04:09:49
164,Saint George,37.1041,-113.5841,97.39,24,0,1.01,US,2022-07-16 04:06:13
165,Tahe,52.3333,124.7333,78.39,67,100,8.21,CN,2022-07-16 04:09:49
166,Petrozavodsk,61.7849,34.3469,58.64,72,77,8.61,RU,2022-07-16 04:09:49
167,Ponta Do Sol,32.6667,-17.1,68.63,80,9,2.93,PT,2022-07-16 04:09:50
168,Ganjam,19.3833,85.0667,86.77,67,100,7.74,IN,2022-07-16 04:09:50
169,Canoinhas,-26.1772,-50.39,56.35,92,100,1.07,BR,2022-07-16 04:09:50
170,Provideniya,64.3833,-173.3,50.79,64,31,7.25,RU,2022-07-16 04:09:51
171,San Patricio,28.017,-97.5169,84.06,70,26,12.55,US,2022-07-16 04:09:51
172,Kineta,37.9709,23.2183,81.61,44,0,7.34,GR,2022-07-16 04:09:51
173,Ust-Maya,60.4167,134.5333,88.97,44,5,2.21,RU,2022-07-16 04:09:52
174,Keuruu,62.2667,24.7,50.18,87,19,5.21,FI,2022-07-16 04:09:52
175,Victoria,22.2855,114.1577,92.97,78,96,11.99,HK,2022-07-16 04:07:34
176,Tuktoyaktuk,69.4541,-133.0374,42.4,70,18,7.58,CA,2022-07-16 04:09:52
177,East London,-33.0153,27.9116,57.49,66,40,7.47,ZA,2022-07-16 04:05:17
178,Leona Vicario,20.9667,-87.1917,78.67,94,58,1.9,MX,2022-07-16 04:09:53
179,Husavik,66.0449,-17.3389,51.82,71,100,6.55,IS,2022-07-16 04:10:53
180,Aitape,-3.1374,142.3475,83.21,78,90,8.16,PG,2022-07-16 04:10:54
181,Andenes,69.3143,16.1194,49.98,93,100,4.61,NO,2022-07-16 04:10:54
182,Fecamp,49.7579,0.3746,56.28,75,43,3.62,FR,2022-07-16 04:10:55
183,Zurrieq,35.8311,14.4742,72.97,94,20,3.44,MT,2022-07-16 04:10:55
184,Kaitangata,-46.2817,169.8464,45.25,66,20,12.15,NZ,2022-07-16 04:05:10
185,San Carlos De Bariloche,-41.1456,-71.3082,18.03,92,37,2.19,AR,2022-07-16 04:10:55
186,Hakkari,37.5833,44.1667,64.18,52,0,0.0,TR,2022-07-16 04:10:56
187,Krasnaya Gora,52.9995,31.6023,53.56,91,4,6.85,RU,2022-07-16 04:10:56
188,Sibolga,1.7427,98.7792,86.72,59,58,4.72,ID,2022-07-16 04:10:56
189,Grindavik,63.8424,-22.4338,52.27,93,100,26.46,IS,2022-07-16 04:10:57
190,Svetlogorsk,52.6333,29.7333,52.83,89,12,5.66,BY,2022-07-16 04:10:57
191,Aswan,24.0934,32.907,81.86,30,51,9.82,EG,2022-07-16 04:10:57
192,Olinda,-8.0089,-34.8553,73.13,94,75,6.91,BR,2022-07-16 04:10:04
193,Hermanus,-34.4187,19.2345,50.81,69,59,8.19,ZA,2022-07-16 04:05:12
194,Tecolutla,20.4833,-97.0167,79.88,84,43,9.31,MX,2022-07-16 04:10:58
195,Hearst,49.6835,-83.6665,63.91,68,12,9.26,CA,2022-07-16 04:10:58
196,Kamenka,51.3223,42.7678,68.95,61,6,8.61,RU,2022-07-16 04:10:58
197,Pemangkat,1.1667,108.9667,85.86,65,37,6.64,ID,2022-07-16 04:06:06
198,Ostrovnoy,68.0531,39.5131,51.31,99,100,9.15,RU,2022-07-16 04:10:59
199,Avarua,-21.2078,-159.775,75.25,64,40,12.66,CK,2022-07-16 04:11:00
200,Plettenberg Bay,-34.0527,23.3716,58.75,59,97,4.59,ZA,2022-07-16 04:11:00
201,Genhe,50.7833,121.5167,71.37,85,100,7.36,CN,2022-07-16 04:11:01
202,Zhangye,38.9342,100.4517,63.09,62,100,11.74,CN,2022-07-16 04:11:01
203,Severo-Kurilsk,50.6789,156.125,56.39,91,81,4.16,RU,2022-07-16 04:11:01
204,Araouane,18.9048,-3.5265,91.24,19,5,9.08,ML,2022-07-16 04:11:02
205,Port Keats,-14.25,129.55,82.87,37,34,1.61,AU,2022-07-16 04:11:02
206,Augusto Correa,-1.0217,-46.635,71.62,98,9,2.62,BR,2022-07-16 04:11:02
207,Mar Del Plata,-38.0023,-57.5575,50.88,91,100,7.0,AR,2022-07-16 04:11:03
208,Esperance,-33.8667,121.9,60.24,67,100,12.93,AU,2022-07-16 04:11:03
209,Henties Bay,-22.116,14.2845,71.04,29,0,21.05,NA,2022-07-16 04:11:03
210,Quesnel,52.9999,-122.5029,70.3,52,40,10.36,CA,2022-07-16 04:11:03
211,Djambala,-2.5447,14.7533,70.61,61,87,5.21,CG,2022-07-16 04:11:04
212,Mombasa,-4.0547,39.6636,72.32,87,89,10.85,KE,2022-07-16 04:11:04
213,Gualaquiza,-3.4,-78.55,63.1,99,62,0.87,EC,2022-07-16 04:11:04
214,North Battleford,52.7834,-108.2847,71.4,78,0,9.08,CA,2022-07-16 04:11:05
215,Urengoy,65.9667,78.3667,67.84,42,66,10.04,RU,2022-07-16 04:11:05
216,Corrente,-3.7367,-43.3394,73.72,83,89,2.24,BR,2022-07-16 04:07:09
217,Bathsheba,13.2167,-59.5167,81.21,90,40,13.8,BB,2022-07-16 04:11:05
218,Lebu,-37.6167,-73.65,43.34,84,20,2.71,CL,2022-07-16 04:11:06
219,Kingaroy,-26.5333,151.8333,64.83,47,0,5.28,AU,2022-07-16 04:11:06
220,Sechura,-5.5569,-80.8222,62.87,78,0,16.15,PE,2022-07-16 04:11:06
221,Ribeira Grande,38.5167,-28.7,69.51,91,5,6.33,PT,2022-07-16 04:11:07
222,Puerto Palomas,31.7667,-107.6167,92.55,19,3,8.14,MX,2022-07-16 04:11:07
223,Fukue,32.6881,128.8419,80.53,74,94,11.39,JP,2022-07-16 04:11:07
224,Los Llanos De Aridane,28.6585,-17.9182,67.75,96,100,12.66,ES,2022-07-16 04:11:08
225,Half Moon Bay,37.4636,-122.4286,66.79,85,100,13.8,US,2022-07-16 04:11:08
226,Gustrow,53.7972,12.1734,56.07,100,75,4.61,DE,2022-07-16 04:12:08
227,Jalu,29.0331,21.5482,74.05,48,0,8.21,LY,2022-07-16 04:12:09
228,Diu,20.7141,70.9822,83.12,82,74,23.24,IN,2022-07-16 04:12:09
229,Tuatapere,-46.1333,167.6833,46.4,74,53,7.7,NZ,2022-07-16 04:12:10
230,Buta,2.7858,24.73,69.48,98,100,1.45,CD,2022-07-16 04:12:10
231,San Carlos Del Zulia,9.0,-71.9135,74.89,89,22,0.56,VE,2022-07-16 04:12:10
232,Kodiak,57.79,-152.4072,60.31,72,100,4.61,US,2022-07-16 04:08:39
233,Tessalit,20.1986,1.0114,90.97,26,40,7.49,ML,2022-07-16 04:12:11
234,Eydhafushi,5.1033,73.0708,82.38,74,32,7.54,MV,2022-07-16 04:12:11
235,Kuala Terengganu,5.3302,103.1408,87.13,64,38,3.51,MY,2022-07-16 04:12:11
236,Launceston,-41.45,147.1667,51.8,83,100,18.41,AU,2022-07-16 04:12:12
237,Las Vegas,36.175,-115.1372,101.08,26,0,5.75,US,2022-07-16 04:10:48
238,Portland,45.5234,-122.6762,76.6,58,20,8.01,US,2022-07-16 04:10:29
239,Trat,12.5,102.5,88.83,77,75,8.84,TH,2022-07-16 04:12:12
240,Ambilobe,-13.2,49.05,66.88,78,25,3.0,MG,2022-07-16 04:12:13
241,Boguchany,58.3814,97.4531,70.27,42,95,4.74,RU,2022-07-16 04:12:13
242,Antalaha,-14.9003,50.2788,68.4,87,75,6.76,MG,2022-07-16 04:12:13
243,Gari,59.4307,62.3497,65.59,96,100,3.98,RU,2022-07-16 04:12:14
244,San Luis,-33.295,-66.3356,35.4,99,100,10.76,AR,2022-07-16 04:12:14
245,Sorong,-0.8833,131.25,81.64,83,91,7.29,ID,2022-07-16 04:08:20
246,Tomatlan,19.9333,-105.25,75.96,95,98,3.89,MX,2022-07-16 04:12:15
247,Barraute,48.4335,-77.6328,57.85,74,99,5.7,CA,2022-07-16 04:12:16
248,Nola,40.922,14.5329,74.62,89,0,0.65,IT,2022-07-16 04:12:16
249,Zeya,53.75,127.2667,86.72,43,38,2.98,RU,2022-07-16 04:12:16
250,Oyama,36.3,139.8,79.59,87,100,4.94,JP,2022-07-16 04:12:00
251,Japura,-0.3167,102.35,88.84,58,51,4.07,ID,2022-07-16 04:12:17
252,Vao,-22.6667,167.4833,68.63,56,0,18.99,NC,2022-07-16 04:12:17
253,Chokurdakh,70.6333,147.9167,50.13,66,100,11.23,RU,2022-07-16 04:12:17
254,Saint-Augustin,51.226,-58.6502,53.69,96,77,7.96,CA,2022-07-16 04:12:18
255,San Angelo,31.4638,-100.437,84.88,35,0,5.75,US,2022-07-16 04:11:02
256,Hohhot,40.8106,111.6522,87.15,29,71,4.43,CN,2022-07-16 04:12:19
257,Kahului,20.8947,-156.47,79.84,81,75,21.85,US,2022-07-16 04:12:20
258,Mount Isa,-20.7333,139.5,74.97,27,0,12.66,AU,2022-07-16 04:01:41
259,Medyn,54.9692,35.8586,55.13,85,10,6.08,RU,2022-07-16 04:12:20
260,Bouillante,16.1304,-61.7692,78.03,82,35,13.15,GP,2022-07-16 04:12:20
261,Dolores,-36.3132,-57.6792,47.8,87,38,12.15,AR,2022-07-16 04:12:20
262,Koslan,63.4564,48.8989,67.86,83,100,8.72,RU,2022-07-16 04:12:21
263,Lichinga,-13.3128,35.2406,47.62,89,7,3.51,MZ,2022-07-16 04:12:21
264,Manzanillo,20.3433,-77.1167,77.22,84,100,5.06,CU,2022-07-16 04:12:21
265,Kestel,40.1983,29.2124,60.28,64,0,3.69,TR,2022-07-16 04:12:22
266,Alofi,-19.0595,-169.9187,78.33,67,41,21.92,NU,2022-07-16 04:12:22
267,Pitea,65.3172,21.4794,55.49,82,100,8.68,SE,2022-07-16 04:10:14
268,San Quintin,30.4833,-115.95,66.13,85,4,9.55,MX,2022-07-16 04:12:23
269,Anadyr,64.75,177.4833,50.14,78,81,14.83,RU,2022-07-16 04:12:23
270,Galeana,24.8333,-100.0667,61.81,76,36,3.96,MX,2022-07-16 04:12:23
271,Kushima,31.4583,131.2333,84.52,76,81,12.95,JP,2022-07-16 04:12:24
272,Nuristan,35.3,70.8333,54.91,57,22,5.79,AF,2022-07-16 04:12:24
273,Synya,65.3718,58.0387,79.93,48,82,4.5,RU,2022-07-16 04:12:24
274,Lompoc,34.6391,-120.4579,66.34,85,0,10.36,US,2022-07-16 04:08:37
275,Marawi,7.9986,124.2928,79.3,77,51,3.94,PH,2022-07-16 04:13:25
276,Manta,-0.95,-80.7333,71.38,83,100,10.36,EC,2022-07-16 04:13:25
277,Beloha,-25.1667,45.05,63.21,88,0,10.92,MG,2022-07-16 04:13:26
278,Tautira,-17.7333,-149.15,75.6,70,77,24.27,PF,2022-07-16 04:13:26
279,Peniche,39.3558,-9.3811,67.28,91,8,6.35,PT,2022-07-16 04:13:26
280,Sao Geraldo Do Araguaia,-6.4006,-48.555,73.56,49,6,2.24,BR,2022-07-16 04:13:27
281,Sinnamary,5.3833,-52.95,76.12,91,89,6.82,GF,2022-07-16 04:13:27
282,Adrar,20.5022,-10.0711,90.27,23,4,6.55,MR,2022-07-16 04:13:27
283,Jardim,-21.4803,-56.1381,74.34,42,94,7.23,BR,2022-07-16 04:13:28
284,Okhotsk,59.3833,143.3,62.98,79,100,9.04,RU,2022-07-16 04:13:28
285,Luanda,-8.8368,13.2343,66.49,92,21,6.49,AO,2022-07-16 04:13:17
286,Puerto Escondido,15.85,-97.0667,81.43,65,75,6.91,MX,2022-07-16 04:13:28
287,Roald,62.5833,6.1333,53.76,87,100,8.05,NO,2022-07-16 04:13:29
288,Boende,-0.2167,20.8667,70.93,90,52,1.5,CD,2022-07-16 04:13:29
289,Megion,61.0296,76.1136,69.82,66,99,5.7,RU,2022-07-16 04:13:29
290,Lorengau,-2.0226,147.2712,84.29,69,48,11.05,PG,2022-07-16 04:13:30
291,Rawson,-43.3002,-65.1023,38.1,88,80,11.03,AR,2022-07-16 04:13:30
292,Ixtapa,20.7,-105.2,80.22,94,75,1.01,MX,2022-07-16 04:13:30
293,Kropotkin,45.4375,40.5756,74.08,50,72,9.51,RU,2022-07-16 04:13:31
294,Hasaki,35.7333,140.8333,81.0,90,100,15.75,JP,2022-07-16 04:13:31
295,Muriti,-1.9833,32.9167,72.5,61,98,17.92,TZ,2022-07-16 04:13:31
296,Naze,28.3667,129.4833,81.86,81,100,16.26,JP,2022-07-16 04:13:31
297,Grand Gaube,-20.0064,57.6608,73.38,69,79,7.0,MU,2022-07-16 04:13:32
298,Medzilaborce,49.2719,21.9007,57.11,70,60,3.44,SK,2022-07-16 04:13:32
299,Kutum,14.2,24.6667,72.81,71,99,7.99,SD,2022-07-16 04:13:32
300,Gamba,-2.65,10.0,70.39,91,100,3.96,GA,2022-07-16 04:13:33
301,Codrington,-38.2667,141.9667,54.16,51,100,21.23,AU,2022-07-16 04:13:33
302,Khatima,28.9167,79.9667,97.5,39,51,7.0,IN,2022-07-16 04:13:33
303,Krasnoselkup,65.7,82.4667,67.98,46,43,13.89,RU,2022-07-16 04:13:34
304,Coquimbo,-29.9533,-71.3436,46.13,87,40,6.91,CL,2022-07-16 04:13:34
305,Ormara,25.2088,64.6357,85.86,71,95,8.39,PK,2022-07-16 04:13:34
306,Sorsk,54.0033,90.2467,61.7,57,94,7.72,RU,2022-07-16 04:13:34
307,Betare Oya,5.6,14.0833,65.77,99,100,2.89,CM,2022-07-16 04:13:35
308,Iquique,-20.2208,-70.1431,59.04,71,1,7.16,CL,2022-07-16 04:13:35
309,Bengkulu,-3.8004,102.2655,80.33,85,100,3.47,ID,2022-07-16 04:13:35
310,Santa Cruz De Tenerife,28.4682,-16.2546,76.59,92,100,20.71,ES,2022-07-16 04:11:18
311,Virginia Beach,36.8529,-75.978,75.25,94,20,3.44,US,2022-07-16 04:12:02
312,Flinders,-34.5833,150.8552,63.37,46,95,5.99,AU,2022-07-16 04:13:36
313,Luderitz,-26.6481,15.1594,69.55,27,0,13.33,NA,2022-07-16 04:13:36
314,Kautokeino,69.0125,23.0412,48.92,91,100,19.73,NO,2022-07-16 04:13:36
315,Banfora,10.6333,-4.7667,73.62,93,99,5.77,BF,2022-07-16 04:13:37
316,Cordele,31.9635,-83.7824,79.32,78,0,0.0,US,2022-07-16 04:13:37
317,Tiksi,71.6872,128.8694,42.04,74,100,3.8,RU,2022-07-16 04:13:37
318,San Ramon De La Nueva Oran,-23.1322,-64.326,55.29,68,66,1.9,AR,2022-07-16 04:13:38
319,Vyartsilya,62.1764,30.693,56.61,100,12,4.43,RU,2022-07-16 04:13:38
320,Kuznetsk,53.1167,46.6004,66.67,67,0,5.75,RU,2022-07-16 04:14:38
321,La Ronge,55.1001,-105.2842,64.54,57,91,3.09,CA,2022-07-16 04:14:39
322,Nouakchott,18.0858,-15.9785,75.13,83,0,10.42,MR,2022-07-16 04:14:39
323,Champerico,14.3,-91.9167,75.2,91,100,10.33,GT,2022-07-16 04:14:40
324,Margate,51.3813,1.3862,61.7,79,25,11.23,GB,2022-07-16 04:14:40
325,Pijijiapan,15.7011,-93.23,74.59,98,100,3.8,MX,2022-07-16 04:14:41
326,Saint-Pierre,-21.3393,55.4781,69.48,72,75,10.36,RE,2022-07-16 04:14:42
327,Kihei,20.785,-156.4656,79.84,82,75,21.85,US,2022-07-16 04:14:42
328,Agadez,19.75,10.25,78.58,67,4,8.5,NE,2022-07-16 04:13:19
329,Vanimo,-2.6741,141.3028,83.93,72,60,8.19,PG,2022-07-16 04:14:42
330,Luganville,-15.5333,167.1667,77.85,83,48,13.38,VU,2022-07-16 04:14:43
331,Pocone,-16.2567,-56.6228,78.93,42,100,5.99,BR,2022-07-16 04:14:43
332,Ust-Uda,54.1742,103.0304,57.07,88,100,2.98,RU,2022-07-16 04:14:43
333,Belmonte,-15.8631,-38.8828,71.24,83,74,6.46,BR,2022-07-16 04:14:44
334,Longyearbyen,78.2186,15.6401,53.44,71,40,16.11,SJ,2022-07-16 04:14:44
335,Srednekolymsk,67.45,153.6833,78.98,41,44,14.03,RU,2022-07-16 04:12:16
336,Alekseyevskaya,50.2896,42.1845,72.81,54,0,4.38,RU,2022-07-16 04:14:45
337,Oistins,13.0667,-59.5333,80.69,83,40,13.8,BB,2022-07-16 04:14:46
338,Port Shepstone,-30.7414,30.455,58.46,80,8,8.55,ZA,2022-07-16 04:14:46
339,Harper,4.375,-7.7169,74.1,88,100,8.55,LR,2022-07-16 04:14:46
340,Goshen,41.5823,-85.8344,69.89,89,100,5.75,US,2022-07-16 04:14:47
341,Iguape,-24.7081,-47.5553,67.08,74,82,3.71,BR,2022-07-16 04:14:47
342,Norman Wells,65.282,-126.8329,59.22,60,100,8.12,CA,2022-07-16 04:14:47
343,Broome,42.2506,-75.833,64.99,71,98,2.57,US,2022-07-16 04:14:48
344,Lugovoy,42.9472,72.7644,84.97,19,0,4.14,KZ,2022-07-16 04:14:48
345,Newport,51.5877,-2.9984,58.44,84,74,6.46,GB,2022-07-16 04:13:03
346,Shumskiy,54.8318,99.1328,67.53,49,43,3.0,RU,2022-07-16 04:14:48
347,Vicosa Do Ceara,-3.5622,-41.0922,68.49,67,47,1.99,BR,2022-07-16 04:14:49
348,Sterling,39.0062,-77.4286,76.28,83,20,5.01,US,2022-07-16 04:14:49
349,Meulaboh,4.1363,96.1285,84.58,67,48,2.42,ID,2022-07-16 04:14:49
350,Pauini,-7.7136,-66.9764,78.46,74,98,2.17,BR,2022-07-16 04:14:50
351,Gayny,60.3071,54.3241,69.01,68,99,5.5,RU,2022-07-16 04:14:50
352,Dubbo,-32.25,148.6167,59.13,41,99,12.66,AU,2022-07-16 04:14:50
353,Cloquet,46.7216,-92.4594,72.28,91,100,0.0,US,2022-07-16 04:14:51
354,Vardo,70.3705,31.1107,53.58,82,100,26.46,NO,2022-07-16 04:14:51
355,Honiara,-9.4333,159.95,86.95,57,67,7.9,SB,2022-07-16 04:14:52
356,Elizabeth City,36.2946,-76.2511,75.97,94,20,5.75,US,2022-07-16 04:14:53
357,Cidreira,-30.1811,-50.2056,63.27,93,98,7.02,BR,2022-07-16 04:14:53
358,Otane,-39.8833,176.6333,52.02,69,22,5.41,NZ,2022-07-16 04:14:53
359,Nizhniy Tsasuchey,50.5167,115.1333,69.93,69,100,6.87,RU,2022-07-16 04:14:54
360,Sankt Georgen,47.1425,16.5815,58.89,68,61,1.36,HU,2022-07-16 04:14:54
361,Minas,-34.3759,-55.2377,53.02,99,100,5.75,UY,2022-07-16 04:14:54
362,Ust-Barguzin,53.45,108.9833,53.89,88,100,2.64,RU,2022-07-16 04:14:55
363,Necochea,-38.5473,-58.7368,47.53,91,100,20.69,AR,2022-07-16 04:14:55
364,Kungurtug,50.5994,97.5228,65.82,34,13,1.59,RU,2022-07-16 04:14:55
365,Lappeenranta,61.0587,28.1887,52.56,87,0,4.61,FI,2022-07-16 04:14:56
366,Kollam,8.8833,76.6,79.39,80,70,3.76,IN,2022-07-16 04:14:56
367,Narsaq,60.9167,-46.05,46.62,90,100,5.19,GL,2022-07-16 04:15:57
368,Faya,18.3851,42.4509,69.91,34,87,6.49,SA,2022-07-16 04:15:57
369,Hailey,43.5196,-114.3153,73.26,32,0,6.91,US,2022-07-16 04:15:57
370,Pozo Colorado,-23.4923,-58.7972,65.84,91,100,8.25,PY,2022-07-16 04:15:58
371,Alexandria,31.2156,29.9553,76.3,70,0,10.83,EG,2022-07-16 04:15:58
372,Serebryanyy Bor,56.8,124.8,78.1,55,99,6.8,RU,2022-07-16 04:15:58
373,Ahipara,-35.1667,173.1667,54.54,74,34,9.37,NZ,2022-07-16 04:15:58
374,Eureka,40.8021,-124.1637,61.2,85,29,4.0,US,2022-07-16 04:11:27
375,Piacabucu,-10.4056,-36.4344,71.91,86,28,7.83,BR,2022-07-16 04:15:59
376,Mayahi,13.9553,7.6712,77.9,73,100,14.34,NE,2022-07-16 04:15:59
377,Karpogory,64.0019,44.4451,63.95,90,100,5.01,RU,2022-07-16 04:15:59
378,Khor,47.8861,134.9464,71.67,78,99,5.77,RU,2022-07-16 04:16:00
379,Qaqortoq,60.7167,-46.0333,40.28,90,100,5.68,GL,2022-07-16 04:16:00
380,Pisco,-13.7,-76.2167,60.03,88,40,4.61,PE,2022-07-16 04:14:41
381,Mount Gambier,-37.8333,140.7667,53.51,58,75,18.41,AU,2022-07-16 04:16:00
382,Asfi,32.2994,-9.2372,68.25,92,0,12.26,MA,2022-07-16 04:16:01
383,Sakakah,29.9697,40.2064,83.77,28,0,5.14,SA,2022-07-16 04:16:01
384,Sawtell,-30.3833,153.1,69.19,45,100,11.5,AU,2022-07-16 04:16:01
385,Kilindoni,-7.9139,39.6668,76.39,75,98,18.68,TZ,2022-07-16 04:16:02
386,Inndyr,67.0338,14.0276,50.04,89,100,3.98,NO,2022-07-16 04:16:02
387,Pimampiro,0.4,-77.9667,57.16,89,90,3.71,EC,2022-07-16 04:16:03
388,Tromso,69.6496,18.957,51.39,87,75,4.61,NO,2022-07-16 04:16:03
389,Oxbow,49.2333,-102.1676,73.63,92,77,12.95,CA,2022-07-16 04:16:04
390,Sayyan,15.1718,44.3244,63.46,64,51,6.15,YE,2022-07-16 04:16:04
391,Lamu,-2.2717,40.902,75.42,83,70,14.14,KE,2022-07-16 04:16:04
392,Saint-Georges,12.0564,-61.7485,78.73,84,100,14.03,GD,2022-07-16 04:16:05
393,Tasiilaq,65.6145,-37.6368,50.16,78,100,4.9,GL,2022-07-16 04:16:05
394,Usinsk,65.9939,57.5281,78.17,54,27,5.23,RU,2022-07-16 04:16:05
395,Kidal,18.4411,1.4078,89.37,28,62,1.23,ML,2022-07-16 04:14:44
396,Acajutla,13.5928,-89.8275,80.17,79,95,2.55,SV,2022-07-16 04:16:06
397,Shimoda,34.6667,138.95,77.36,98,100,2.89,JP,2022-07-16 04:16:06
398,Forssa,60.8146,23.6215,53.67,94,93,6.08,FI,2022-07-16 04:16:06
399,Dunedin,-45.8742,170.5036,46.26,57,29,10.2,NZ,2022-07-16 04:16:07
400,Marfino,55.7028,37.3822,59.25,69,0,6.71,RU,2022-07-16 04:16:07
401,Oussouye,12.485,-16.5469,79.16,85,93,5.79,SN,2022-07-16 04:16:07
402,Vikhorevka,56.1201,101.1636,65.79,41,90,2.73,RU,2022-07-16 04:16:08
403,Bonavista,48.6499,-53.1147,55.17,97,90,6.22,CA,2022-07-16 04:16:08
404,Bereda,43.2686,-7.5406,67.57,100,97,0.56,ES,2022-07-16 04:16:08
405,Hit,33.6416,42.8251,89.67,27,0,21.05,IQ,2022-07-16 04:16:09
406,Laguna,38.421,-121.4238,84.34,38,0,6.91,US,2022-07-16 04:16:09
407,Saint-Francois,46.4154,3.9054,53.04,87,0,0.0,FR,2022-07-16 04:16:09
408,Rio Grande,-32.035,-52.0986,56.95,98,63,6.29,BR,2022-07-16 04:16:10
409,Paraiso,9.8383,-83.8656,66.96,100,85,3.58,CR,2022-07-16 04:16:10
410,Polunochnoye,60.8697,60.4153,67.78,83,98,3.04,RU,2022-07-16 04:16:10
411,San Jeronimo,-11.9472,-75.2829,46.92,81,16,1.74,PE,2022-07-16 04:16:11
412,Vila Do Maio,15.1333,-23.2167,74.19,84,39,7.02,CV,2022-07-16 04:18:52
413,Mersing,2.4312,103.8405,89.51,74,40,4.61,MY,2022-07-16 04:18:52
414,Grand-Lahou,5.1367,-5.0242,74.73,91,100,9.84,CI,2022-07-16 04:18:52
415,Ayame,5.6083,-3.1563,72.75,96,100,3.69,CI,2022-07-16 04:18:53
416,Vila Franca Do Campo,37.7167,-25.4333,70.2,93,45,9.51,PT,2022-07-16 04:18:53
417,Rawah,34.4816,41.9093,84.4,34,0,18.5,IQ,2022-07-16 04:18:54
418,Goderich,43.7501,-81.7165,70.12,52,100,5.75,CA,2022-07-16 04:18:54
419,Sioux Lookout,50.1001,-91.917,62.67,82,0,0.0,CA,2022-07-16 04:18:55
420,Dingle,10.9995,122.6711,87.13,70,92,3.62,PH,2022-07-16 04:18:55
421,Sarangani,5.4033,125.4636,82.15,78,83,9.13,PH,2022-07-16 04:18:55
422,Barcelona,41.3888,2.159,84.72,46,0,10.36,ES,2022-07-16 04:14:46
423,Tanda,26.55,82.65,99.41,38,12,14.61,IN,2022-07-16 04:18:56
424,Raiganj,25.6167,88.1167,93.61,52,8,10.54,IN,2022-07-16 04:18:56
425,Opuwo,-18.0607,13.84,53.28,37,0,7.65,NA,2022-07-16 04:18:58
426,Progreso,21.2833,-89.6667,82.51,86,31,11.99,MX,2022-07-16 04:18:58
427,Yar-Sale,66.8333,70.8333,65.89,44,17,10.45,RU,2022-07-16 04:18:58
428,Mutoko,-17.397,32.2268,43.88,78,0,4.83,ZW,2022-07-16 04:18:59
429,Iwanai,42.9744,140.5089,64.69,96,100,6.87,JP,2022-07-16 04:18:59
430,Lavrentiya,65.5833,-171.0,46.76,63,2,7.63,RU,2022-07-16 04:19:00
431,Cuenca,-2.8833,-78.9833,57.33,77,100,4.61,EC,2022-07-16 04:19:00
432,Banda Aceh,5.5577,95.3222,86.32,67,55,13.13,ID,2022-07-16 04:19:00
433,Grenfell,-33.9,148.1667,51.46,55,100,12.21,AU,2022-07-16 04:19:01
434,Brooks,50.5834,-111.8851,71.58,61,0,6.91,CA,2022-07-16 04:19:01
435,Alekseyevsk,57.8406,108.3492,65.3,70,100,3.96,RU,2022-07-16 04:19:01
436,Balikpapan,-1.2675,116.8289,85.19,74,20,3.44,ID,2022-07-16 04:19:02
437,San Carlos,9.6612,-68.5827,74.03,85,97,2.46,VE,2022-07-16 04:19:02
438,Constitucion,-35.3333,-72.4167,44.53,90,100,4.68,CL,2022-07-16 04:19:02
439,Carnduff,49.1667,-101.8009,74.37,83,68,8.34,CA,2022-07-16 04:19:03
440,Namibe,-15.1961,12.1522,66.2,84,0,5.82,AO,2022-07-16 04:19:03
441,Bogorodskoye,56.55,37.8833,57.09,79,1,7.74,RU,2022-07-16 04:19:03
442,Hamilton,39.1834,-84.5333,76.44,78,100,3.44,US,2022-07-16 04:19:04
443,Dunaszekcso,46.0866,18.7587,60.12,70,100,4.47,HU,2022-07-16 04:19:04
444,Veraval,20.9,70.3667,82.58,85,87,25.5,IN,2022-07-16 04:19:05
445,Sitka,57.0531,-135.33,55.29,88,100,0.0,US,2022-07-16 04:19:05
446,Brejo,-3.6844,-42.7503,75.24,85,100,3.04,BR,2022-07-16 04:19:05
447,Oksfjord,70.2396,22.3479,55.47,95,100,6.58,NO,2022-07-16 04:19:06
448,Pyatnitskoye,50.4233,37.8273,63.1,91,100,5.82,RU,2022-07-16 04:19:06
449,Lipari,38.4674,14.954,73.27,66,0,0.78,IT,2022-07-16 04:19:06
450,Bugas,9.898,123.4049,84.52,74,95,1.39,PH,2022-07-16 04:19:07
451,Jieshi,22.8134,115.8257,87.39,74,92,17.13,CN,2022-07-16 04:19:07
452,Ryki,51.6257,21.9327,54.63,43,65,5.55,PL,2022-07-16 04:19:08
453,Bull Savanna,17.8868,-77.5902,76.05,84,57,5.53,JM,2022-07-16 04:19:08
454,Klyuchi,52.2667,79.1667,71.92,55,30,5.95,RU,2022-07-16 04:19:08
455,Tual,-5.6667,132.75,79.68,77,80,19.8,ID,2022-07-16 04:19:09
456,Bontang,0.1333,117.5,81.54,77,85,4.94,ID,2022-07-16 04:19:09
457,Alghero,40.5589,8.3181,64.49,100,0,0.0,IT,2022-07-16 04:20:10
458,Alta Floresta,-9.8756,-56.0861,76.03,50,61,0.45,BR,2022-07-16 04:20:10
459,Vostok,46.4856,135.8833,67.93,68,100,4.97,RU,2022-07-16 04:20:10
460,Khatanga,71.9667,102.5,65.32,39,90,2.8,RU,2022-07-16 04:20:11
461,Gioia Tauro,38.424,15.899,77.58,86,5,2.17,IT,2022-07-16 04:20:11
462,Heiligenhafen,54.3667,10.9833,55.74,89,93,21.0,DE,2022-07-16 04:20:11
463,Leninskoye,41.7589,69.3864,92.75,13,0,3.87,KZ,2022-07-16 04:20:12
464,Zhangjiakou,40.81,114.8794,86.92,30,94,5.46,CN,2022-07-16 04:20:12
465,Palmares Do Sul,-30.2578,-50.5097,63.64,91,100,5.99,BR,2022-07-16 04:16:02
466,Pritzwalk,53.1494,12.1741,58.59,84,94,15.52,DE,2022-07-16 04:20:12
467,Prieska,-29.6641,22.7474,51.37,35,77,2.73,ZA,2022-07-16 04:20:13
468,Mezen,65.8522,44.24,65.34,96,100,6.67,RU,2022-07-16 04:20:13
469,Rayachoti,14.05,78.75,84.0,54,100,22.48,IN,2022-07-16 04:20:13
470,Westport,41.1415,-73.3579,73.38,86,0,3.44,US,2022-07-16 04:15:18
471,Nusaybin,37.0778,41.2178,83.66,37,0,6.64,TR,2022-07-16 04:20:14
472,Oktyabrskoye,43.0645,44.7417,64.54,88,0,4.47,RU,2022-07-16 04:20:14
473,Srikakulam,18.3,83.9,83.17,77,99,8.79,IN,2022-07-16 04:20:14
474,Quang Ngai,15.1167,108.8,91.35,62,54,4.05,VN,2022-07-16 04:20:14
475,Urumqi,43.801,87.6005,81.55,21,0,4.47,CN,2022-07-16 04:20:15
476,Metro,-5.1131,105.3067,76.33,91,100,9.19,ID,2022-07-16 04:20:15
477,Bintulu,3.1667,113.0333,91.81,55,20,3.44,MY,2022-07-16 04:20:15
478,Egvekinot,66.3167,-179.1667,46.35,66,99,5.95,RU,2022-07-16 04:20:16
479,Mackay,-21.15,149.2,72.68,74,58,13.76,AU,2022-07-16 04:18:04
480,Umea,63.8284,20.2597,57.13,94,100,6.91,SE,2022-07-16 04:20:16
481,Prince Rupert,54.3161,-130.3201,53.69,100,100,5.75,CA,2022-07-16 04:20:16
482,Vuktyl,63.8567,57.3094,76.86,58,37,10.71,RU,2022-07-16 04:20:17
483,Solok,-0.7918,100.6593,85.15,49,94,3.36,ID,2022-07-16 04:20:17
484,Kritsa,35.1667,25.65,75.43,51,0,11.74,GR,2022-07-16 04:20:17
485,Karratha,-20.7377,116.8463,75.52,23,2,14.63,AU,2022-07-16 04:20:18
486,Asekeyevo,53.5742,52.7972,69.21,76,0,10.4,RU,2022-07-16 04:20:18
487,Camacupa,-12.0167,17.4833,49.71,55,0,4.56,AO,2022-07-16 04:16:57
488,Batagay-Alyta,67.8006,130.4114,53.49,71,95,7.38,RU,2022-07-16 04:20:18
489,Namatanai,-3.6667,152.4333,83.88,69,62,6.55,PG,2022-07-16 04:20:19
490,Vestmannaeyjar,63.4427,-20.2734,53.35,92,100,23.24,IS,2022-07-16 04:20:19
491,Birao,10.2849,22.7882,70.83,87,96,1.61,CF,2022-07-16 04:20:19
492,Huarmey,-10.0681,-78.1522,61.21,86,17,12.17,PE,2022-07-16 04:20:19
493,Uribia,11.7139,-72.266,80.73,72,7,14.0,CO,2022-07-16 04:20:20
494,Tura,25.5198,90.2201,87.69,65,3,2.84,IN,2022-07-16 04:20:20
495,Atar,20.5169,-13.0499,85.89,39,1,5.41,MR,2022-07-16 04:20:20
496,Hirara,24.8,125.2833,89.46,84,75,11.5,JP,2022-07-16 04:20:21
497,Tahta,26.7693,31.5021,78.21,29,0,6.96,EG,2022-07-16 04:20:21
498,Vila Velha,-20.3297,-40.2925,66.94,93,0,3.44,BR,2022-07-16 04:20:21
499,Labuhan,-6.8844,112.2051,84.52,68,59,6.02,ID,2022-07-16 04:20:22
500,Khorramabad,33.4878,48.3558,87.42,13,0,9.22,IR,2022-07-16 04:20:22
501,Deputatskiy,69.3,139.9,51.13,68,95,3.69,RU,2022-07-16 04:20:22
502,Rocha,-34.4833,-54.3333,54.39,98,100,6.71,UY,2022-07-16 04:18:26
503,Bukan,36.521,46.2089,79.72,25,0,3.83,IR,2022-07-16 04:21:23
504,Ballina,-28.8667,153.5667,70.02,53,16,7.36,AU,2022-07-16 04:21:23
505,Ayan,56.45,138.1667,58.91,87,72,6.67,RU,2022-07-16 04:21:23
506,Staryy Nadym,65.6118,72.6842,68.27,40,0,7.96,RU,2022-07-16 04:21:18
507,Pasni,25.2631,63.471,84.72,82,99,1.57,PK,2022-07-16 04:21:24
508,Padang,-0.9492,100.3543,89.65,66,88,4.56,ID,2022-07-16 04:21:24
509,Manica,49.0,-1.1667,52.29,81,18,4.34,FR,2022-07-16 04:21:24
510,Wad Rawah,15.1603,33.1397,80.08,67,26,15.08,SD,2022-07-16 04:21:25
511,Valparaiso,-33.0393,-71.6273,47.48,86,40,4.61,CL,2022-07-16 04:19:00
512,Mehamn,71.0357,27.8492,53.55,87,20,4.61,NO,2022-07-16 04:21:25
513,General Roca,-39.0333,-67.5833,36.63,85,95,6.44,AR,2022-07-16 04:21:26
514,Belyy Yar,53.6039,91.3903,69.69,49,0,4.47,RU,2022-07-16 04:21:26
515,Villarrobledo,39.2699,-2.6012,76.78,33,0,10.85,ES,2022-07-16 04:21:26
516,Karakol,42.4907,78.3936,72.27,37,1,6.69,KG,2022-07-16 04:21:27
517,Galveston,29.3669,-94.9669,82.36,88,0,5.75,US,2022-07-16 04:21:27
518,Kelvington,52.1667,-103.5343,67.82,89,67,9.8,CA,2022-07-16 04:21:27
519,Sikasso,10.9167,-7.0,73.58,88,84,3.8,ML,2022-07-16 04:21:28
520,North Myrtle Beach,33.816,-78.68,79.11,90,40,3.44,US,2022-07-16 04:17:57
521,Palmas,-10.2128,-48.3603,73.27,68,40,4.61,BR,2022-07-16 04:21:28
522,Mayumba,-3.432,10.6554,70.3,92,96,1.81,GA,2022-07-16 04:21:28
523,Isangel,-19.55,169.2667,72.46,65,78,20.4,VU,2022-07-16 04:21:29
524,Ada,43.4166,-116.1262,82.65,27,0,8.01,US,2022-07-16 04:21:29
525,Methoni,36.8197,21.7049,75.22,54,0,6.04,GR,2022-07-16 04:21:29
526,Toora-Khem,52.4675,96.11,66.34,44,14,3.76,RU,2022-07-16 04:21:30
527,Sao Joao Da Barra,-21.6403,-41.0511,70.72,85,59,19.84,BR,2022-07-16 04:21:30
528,Port Blair,11.6667,92.75,77.04,94,100,2.3,IN,2022-07-16 04:21:30
529,Raudeberg,61.9875,5.1352,50.67,76,96,8.93,NO,2022-07-16 04:21:31
530,Shingu,33.7333,135.9833,76.23,92,100,2.82,JP,2022-07-16 04:19:05
531,Kununurra,-15.7667,128.7333,80.58,26,6,5.75,AU,2022-07-16 04:21:31
532,Camana,-16.6228,-72.7111,59.14,84,100,12.35,PE,2022-07-16 04:21:32
533,Qasigiannguit,68.8193,-51.1922,37.65,94,45,3.11,GL,2022-07-16 04:21:32
534,Lipany,49.1538,20.9638,49.75,78,41,3.67,SK,2022-07-16 04:21:32
535,Sorland,67.667,12.6934,49.86,81,100,11.12,NO,2022-07-16 04:21:33
536,Wilkie,52.4168,-108.7014,73.78,78,0,9.08,CA,2022-07-16 04:21:33
537,Jibuti,11.5,42.5,84.07,43,67,6.64,DJ,2022-07-16 04:21:33
538,Taitung,22.7583,121.1444,91.67,66,75,3.44,TW,2022-07-16 04:21:33
539,Alice,27.7523,-98.0697,79.52,86,0,10.36,US,2022-07-16 04:21:34
540,Takab,36.4009,47.1133,76.82,23,0,13.78,IR,2022-07-16 04:21:34
541,Stutterheim,-32.5708,27.424,50.07,52,36,6.22,ZA,2022-07-16 04:21:34
542,Bama,11.5221,13.6856,75.13,86,100,1.92,NG,2022-07-16 04:21:35
543,Lazurne,46.084,32.5295,71.8,68,11,11.61,UA,2022-07-16 04:21:35
544,Semaria,24.3073,79.9718,86.41,63,88,5.66,IN,2022-07-16 04:21:35
545,Coxim,-18.5067,-54.76,73.54,45,97,3.18,BR,2022-07-16 04:21:36
546,Sao Gabriel Da Cachoeira,-0.1303,-67.0892,72.82,96,98,1.66,BR,2022-07-16 04:21:36
547,Inirida,3.8653,-67.9239,72.18,96,97,1.19,CO,2022-07-16 04:21:36
548,Turukhansk,65.8167,87.9833,65.86,47,63,12.01,RU,2022-07-16 04:21:37
549,Sovetskaya Gavan,48.9723,140.2878,63.52,64,27,9.73,RU,2022-07-16 04:22:37
550,Dinguiraye,11.3,-10.7167,71.08,88,31,3.27,GN,2022-07-16 04:22:37
551,Fairbanks,64.8378,-147.7164,60.8,83,100,5.75,US,2022-07-16 04:18:15
552,Barao De Melgaco,-16.1944,-55.9675,74.43,48,78,5.41,BR,2022-07-16 04:22:39
553,Hambantota,6.1241,81.1185,84.4,66,100,18.86,LK,2022-07-16 04:22:39
554,Pochutla,15.7432,-96.4661,74.68,87,100,6.02,MX,2022-07-16 04:22:39
555,Aljezur,37.3191,-8.8033,66.31,80,42,6.78,PT,2022-07-16 04:22:40
556,Port Hedland,-20.3167,118.5667,80.65,16,1,11.5,AU,2022-07-16 04:22:40
557,Nelson Bay,-32.7167,152.15,64.11,54,100,4.0,AU,2022-07-16 04:22:40
558,Sao Felix Do Xingu,-6.6447,-51.995,72.37,72,23,1.34,BR,2022-07-16 04:18:11
559,Tikhvin,59.6451,33.5294,54.21,83,27,7.43,RU,2022-07-16 04:22:41
560,Pilar,-9.5972,-35.9567,73.33,95,37,2.64,BR,2022-07-16 04:22:41
561,Olafsvik,64.8945,-23.7142,51.1,88,100,18.88,IS,2022-07-16 04:22:41
562,Bela,25.9333,81.9833,98.04,40,35,13.65,IN,2022-07-16 04:22:42
563,Ritchie,-29.038,24.6028,34.81,37,19,7.0,ZA,2022-07-16 04:22:42
564,Sohag,26.557,31.6948,75.49,30,1,7.81,EG,2022-07-16 04:22:42
565,Arlit,18.7369,7.3853,81.81,60,77,19.3,NE,2022-07-16 04:22:43
566,Jalgaon,21.0167,75.5667,82.31,73,100,11.16,IN,2022-07-16 04:22:43
567,Glenwood Springs,39.5505,-107.3248,65.41,89,100,11.5,US,2022-07-16 04:22:43
568,Obo,5.3998,26.4869,66.09,98,99,1.5,CF,2022-07-16 04:22:44
569,Aksarka,66.5606,67.7975,68.31,47,7,8.05,RU,2022-07-16 04:22:44
570,Ponta Delgada,37.7333,-25.6667,70.5,83,20,2.3,PT,2022-07-16 04:22:44
571,General Pico,-35.6566,-63.7568,45.95,83,100,13.38,AR,2022-07-16 04:21:16
572,Bud,39.447,-86.1758,73.42,90,99,6.62,US,2022-07-16 04:22:45
